images/1/0.pgm;0
images/1/1.pgm;0
images/1/10.pgm;0
images/1/11.pgm;0
images/1/12.pgm;0
images/1/13.pgm;0
images/1/14.pgm;0
images/1/15.pgm;0
images/1/16.pgm;0
images/1/17.pgm;0
images/1/18.pgm;0
images/1/19.pgm;0
images/1/2.pgm;0
images/1/20.pgm;0
images/1/21.pgm;0
images/1/23.pgm;0
images/1/24.pgm;0
images/1/25.pgm;0
images/1/26.pgm;0
images/1/28.pgm;0
images/1/29.pgm;0
images/1/3.pgm;0
images/1/30.pgm;0
images/1/4.pgm;0
images/1/5.pgm;0
images/1/6.pgm;0
images/1/7.pgm;0
images/1/8.pgm;0
images/1/9.pgm;0
images/2/0.pgm;1
images/2/1.pgm;1
images/2/10.pgm;1
images/2/11.pgm;1
images/2/12.pgm;1
images/2/13.pgm;1
images/2/14.pgm;1
images/2/15.pgm;1
images/2/16.pgm;1
images/2/17.pgm;1
images/2/18.pgm;1
images/2/19.pgm;1
images/2/2.pgm;1
images/2/20.pgm;1
images/2/21.pgm;1
images/2/22.pgm;1
images/2/23.pgm;1
images/2/24.pgm;1
images/2/25.pgm;1
images/2/26.pgm;1
images/2/27.pgm;1
images/2/28.pgm;1
images/2/29.pgm;1
images/2/3.pgm;2
images/2/30.pgm;2
images/2/31.pgm;2
images/2/32.pgm;2
images/2/33.pgm;2
images/2/34.pgm;2
images/2/4.pgm;2
images/2/5.pgm;2
images/2/6.pgm;2
images/2/7.pgm;2
images/2/8.pgm;2
images/2/9.pgm;2
images/3/0.pgm;2
images/3/1.pgm;2
images/3/10.pgm;2
images/3/11.pgm;2
images/3/12.pgm;2
images/3/13.pgm;2
images/3/14.pgm;2
images/3/15.pgm;2
images/3/16.pgm;2
images/3/17.pgm;2
images/3/18.pgm;2
images/3/19.pgm;2
images/3/2.pgm;2
images/3/20.pgm;2
images/3/21.pgm;2
images/3/22.pgm;2
images/3/23.pgm;2
images/3/24.pgm;2
images/3/25.pgm;2
images/3/26.pgm;2
images/3/27.pgm;2
images/3/28.pgm;2
images/3/29.pgm;2
images/3/3.pgm;2
images/3/30.pgm;2
images/3/4.pgm;2
images/3/5.pgm;2
images/3/6.pgm;2
images/3/7.pgm;2
images/3/8.pgm;2
images/3/9.pgm;2
